step,action_direction,action_tp_mult,position,balance,equity,max_drawdown_pct
34,0.22059286,-0.8725052,1,9999.9,9997.728606925773,0.0227
35,0.28480625,-0.8976414,0,10124.158650582962,10124.158650582962,0.0
40,0.5121095,-0.9022069,1,10124.058650582961,10118.689371652506,0.054
41,0.5686135,-0.889621,1,10124.058650582961,9960.474619168539,1.6168
42,0.99268126,-0.123584986,1,10124.058650582961,10336.682096228828,0.0
43,0.99600506,-0.24019855,0,10408.543838272553,10408.543838272553,0.0
44,0.9564955,-0.68571764,1,10408.443838272553,10397.326629013462,0.1078
54,0.51940465,-0.81425697,1,11062.475563121747,11055.805302375695,0.0612
55,0.98116493,-0.6212007,1,11062.475563121747,10986.879274666519,0.6843
56,0.40292943,-0.97922355,1,11062.475563121747,11122.063225786444,0.0
57,0.5914383,-0.9827044,1,11062.475563121747,11164.30821051141,0.0
67,-0.94874704,-0.32876116,-1,11402.936761260278,11390.124301042477,0.1132
68,-0.98244476,-0.34245825,-1,11402.936761260278,11865.893657129871,0.0
69,-0.9726481,-0.23090577,-1,11402.936761260278,11739.477382980973,1.0654
70,-0.92852443,-0.38131416,0,12306.859766263013,12306.859766263013,0.0
73,0.5531273,-0.4292463,1,12306.759766263012,12301.49913258729,0.0436
74,0.810143,-0.4991917,1,12306.759766263012,12382.16218228165,0.0
75,0.9594244,-0.6201986,1,12306.759766263012,12293.783536529567,0.7138
76,0.8716718,-0.5813958,1,12306.759766263012,12197.338585808046,1.4927
77,0.8749163,-0.5675972,1,12306.759766263012,12304.655512792726,0.626
78,0.95307326,-0.60903895,1,12306.759766263012,12175.594633281744,1.6683
79,0.9523406,-0.56554335,1,12306.759766263012,12204.703472954054,1.4332
80,0.98531866,-0.53876764,1,12306.759766263012,12151.395718373433,1.8637
81,0.98514533,-0.51350695,1,12306.759766263012,12400.048336779106,0.0
82,0.23822963,-0.01991707,1,12306.759766263012,12394.086285279953,0.0481
85,0.22083747,0.044055104,1,12306.759766263012,12597.14674516272,0.0139
86,0.34514153,-0.016403496,1,12306.759766263012,12540.331901464953,0.4649
88,0.58792996,-0.81443,1,12306.759766263012,12475.450752797744,0.9798
89,0.914443,-0.9633284,1,12306.759766263012,12429.858594274845,1.3417
90,0.9809928,-0.50205773,1,12306.759766263012,12322.892376201886,2.1907
91,0.984833,-0.5040729,1,12306.759766263012,12361.821065402206,1.8817
92,0.9860847,-0.525564,1,12306.759766263012,12379.005802076223,1.7453
93,0.9857775,-0.51038635,1,12306.759766263012,12443.185532919995,1.2359
94,0.77252364,-0.9742105,1,12306.759766263012,12445.991204213718,1.2137
99,0.3875605,0.0015918016,1,12306.759766263012,12468.43657456345,1.0355
100,0.48348427,-0.2726205,1,12306.759766263012,12473.346499327457,0.9965
101,0.39048064,0.051173568,1,12306.759766263012,12469.839410210307,1.0244
119,0.37455904,0.13849199,1,12841.186203816196,12831.603071198084,0.0754
120,0.33906674,0.11639094,0,12600.595209066585,12600.595209066585,1.8744
124,0.28013968,0.061327815,1,12600.495209066585,12594.62039038368,1.9209
125,0.44165707,-0.019479275,0,12423.898870635983,12423.898870635983,3.2504
127,-0.6570625,-0.78423536,-1,12423.798870635983,12413.057715780302,3.3348
128,-0.8371845,-0.9156255,-1,12423.798870635983,12610.694965124725,1.7957
129,-0.95644367,-0.9777571,0,12919.930089474221,12919.930089474221,0.0
130,-0.8855877,-0.95790017,-1,12919.83008947422,12906.760226957118,0.1019
131,0.99842346,-0.39250088,-1,12919.83008947422,13149.859669775067,0.0
132,0.9986228,0.46295822,0,13515.90139172737,13515.90139172737,0.0
133,0.9990063,0.46127105,1,13515.80139172737,13501.754434661947,0.1047
134,0.99895144,0.4734869,1,13515.80139172737,13868.848245971447,0.0
135,0.99906397,0.4725957,1,13515.80139172737,14084.23492097446,0.0
136,0.9991152,0.45065022,1,13515.80139172737,14435.408847609819,0.0
137,0.99929166,0.38017142,1,13515.80139172737,14663.906015873896,0.0
138,0.9992696,0.34110928,1,13515.80139172737,14379.22101934815,1.9414
139,0.9909594,0.3941784,1,13515.80139172737,14353.000032826045,2.1202
140,0.99596334,0.36407042,1,13515.80139172737,14208.784606954461,3.1037
141,0.9753275,0.37182927,0,12840.577879054867,12840.577879054867,12.4341
142,-0.553832,-0.39590347,-1,12840.477879054866,12833.027914971646,12.4856
143,-0.4807955,-0.48395574,-1,12840.477879054866,12958.187311569665,11.6321
144,0.31776834,-0.06851792,-1,12840.477879054866,12962.65729001959,11.6016
145,0.5530119,0.5208142,-1,12840.477879054866,13149.899720644387,10.3247
146,0.7841866,0.4939232,-1,12840.477879054866,13212.479418943392,9.898
147,-0.94738877,0.45766926,0,12484.801736168858,12484.801736168858,14.8603
148,0.8230703,0.22222292,1,12484.701736168858,12473.193989982025,14.9395
149,-0.8097463,0.3355875,1,12484.701736168858,12474.728356140267,14.929
161,-0.21978605,-0.18157303,1,12484.701736168858,12731.734687646052,13.1764
162,-0.3148675,0.10968816,1,12484.701736168858,12496.976665434793,14.7773
164,0.9536356,0.18557215,1,12484.701736168858,13200.483548989414,9.9798
165,0.96691465,0.18845105,1,12484.701736168858,13298.682983116993,9.3101
166,0.95241356,0.18144083,0,13626.36535873733,13626.36535873733,7.0755
168,0.21417618,-0.4342847,1,13626.26535873733,13621.529091357286,7.1085
169,0.60142636,-0.3105762,1,13626.26535873733,13615.845570501233,7.1472
170,0.70184064,-0.2499808,1,13626.26535873733,13636.053644656073,7.0094
171,0.884161,-0.14576375,1,13626.26535873733,13669.839018633707,6.779
172,0.95138454,-0.08211219,1,13626.26535873733,13620.897589039947,7.1128
173,0.9634726,-0.033033907,1,13626.26535873733,13493.018369778822,7.9848
174,0.88250875,-0.07809359,1,13626.26535873733,13523.646232169758,7.776
175,0.7058039,-0.07940167,0,13480.24321612367,13480.24321612367,8.0719
176,0.5400344,-0.1306718,1,13480.14321612367,13465.152463037346,8.1749
177,0.9510431,0.17158985,1,13480.14321612367,13278.267741227934,9.4493
178,0.98411393,0.23172188,1,13480.14321612367,13478.144449045474,8.0863
179,0.7893053,0.07877684,1,13480.14321612367,13477.145065506387,8.0931
180,-0.62624043,0.22455823,1,13480.14321612367,13608.064309126894,7.2003
181,0.68803525,0.17198646,0,13116.053454280216,13116.053454280216,10.5555
182,0.70200443,0.21789825,1,13115.953454280216,13093.485631720694,10.7094
184,-0.5121551,0.19924617,-1,12655.37707107274,12641.50498446759,13.7917
185,-0.4125136,0.13136065,0,12331.198704954533,12331.198704954533,15.9078
186,0.336828,0.0800693,1,12331.098704954533,12322.540683836562,15.9669
189,0.44690895,0.1945169,0,12123.324059158553,12123.324059158553,17.3254
190,0.37665725,0.08925438,1,12123.224059158552,12115.836301431647,17.3765
195,0.37665284,-0.0099413395,1,12123.224059158552,12113.866232704475,17.3899
196,0.38161206,-0.012325704,1,12123.224059158552,12163.610468065606,17.0507
197,0.5103425,0.033318043,1,12123.224059158552,12256.696215424558,16.4159
198,0.47284305,0.10183823,1,12123.224059158552,12306.440450785687,16.0767
206,-0.96067744,0.3447212,-1,12600.03612889051,12582.739041368397,14.1924
208,0.52013373,0.04295349,1,11994.602799783814,11986.732089667157,18.2569
209,0.9668639,0.25136948,1,11994.602799783814,11981.484949589394,18.2927
210,0.9509926,0.22582674,0,12631.786773501306,12631.786773501306,13.858
211,-0.45433486,-0.48855335,-1,12631.686773501306,12626.514673197644,13.8939
212,-0.489623,-0.45425034,-1,12631.686773501306,12526.175927306665,14.5782
213,-0.2785083,-0.599135,-1,12631.686773501306,12419.285854364385,15.3071
214,-0.29015124,-0.5974909,0,12344.63372284452,12344.63372284452,15.8162
215,-0.38829446,-0.13012123,-1,12344.53372284452,12340.92763234606,15.8415
235,0.25916123,0.15904069,1,12104.666079573222,12102.437884742036,17.4678
236,0.9014237,0.1759522,1,12104.666079573222,12163.638969438587,17.0505
237,-0.40799803,-0.53211635,1,12104.666079573222,12208.351412384367,16.7456
238,0.98199487,0.26427078,1,12104.666079573222,12308.174540821454,16.0648
239,0.9124968,-0.10051042,1,12104.666079573222,12364.919235855636,15.6779
240,0.96577644,-0.30649447,1,12104.666079573222,12369.227079195925,15.6485
241,0.9641874,-0.29649365,1,12104.666079573222,12400.421806832515,15.4358
242,0.9788594,-0.37802964,0,12443.220907819787,12443.220907819787,15.1439
243,0.9768715,-0.35999644,1,12443.120907819786,12434.241542895401,15.2051
244,0.7401222,-0.092205286,1,12443.120907819786,12454.36810339067,15.0679
245,0.44458044,-0.04024881,1,12443.120907819786,12292.171704105325,16.174
246,0.5583184,0.031615734,1,12443.120907819786,12289.211915797188,16.1941
247,0.80816364,0.08715284,1,12443.120907819786,12334.200698080713,15.8873
248,0.96268046,0.23825908,1,12443.120907819786,12379.189480364254,15.5805
249,0.9398818,0.18652785,1,12443.120907819786,12394.58037956651,15.4756
250,-0.5863636,-0.3952881,1,12443.120907819786,12214.625250432395,16.7028
251,-0.41717684,-0.5368659,1,12443.120907819786,12189.171070982515,16.8764
252,-0.23271608,-0.6511224,1,12443.120907819786,12623.07603695389,13.9174
253,-0.28821594,-0.59006655,0,11835.249520091025,11835.249520091025,19.2899
259,0.9354346,0.21362233,1,11835.149520091025,11823.55153870286,19.3697
260,0.9768727,-0.3234644,1,11835.149520091025,12187.72815429096,16.8862
261,0.982957,-0.41535175,1,11835.149520091025,12153.707408885713,17.1182
262,0.98465204,-0.43181682,1,11835.149520091025,11997.521259525209,18.1833
263,0.9859191,-0.42627895,1,11835.149520091025,11850.61349527522,19.1852
264,0.98341894,-0.3909732,1,11835.149520091025,12022.263619819938,18.0146
265,0.978776,-0.33835518,1,11835.149520091025,12068.655545372556,17.6982
266,0.9786962,-0.34270507,1,11835.149520091025,12241.078868676483,16.5224
267,0.9617052,-0.2299577,1,11835.149520091025,12379.481446575148,15.5786
268,0.9457078,-0.13525122,1,11835.149520091025,12317.625545838317,16.0004
269,0.72369814,-0.11414379,1,11835.149520091025,12291.336788025168,16.1797
270,0.9592705,0.23644471,1,11835.149520091025,12367.110266427791,15.6629
271,-0.48682338,-0.23589367,1,11835.149520091025,12098.037098222561,17.4979
272,-0.47843337,-0.49333352,1,11835.149520091025,12490.822067901454,14.8193
273,-0.33455968,-0.5775148,0,13060.411413848804,13060.411413848804,10.935
274,-0.54730576,-0.4409213,-1,13060.311413848804,13051.653621309331,10.9947
275,-0.51360124,-0.45947587,-1,13060.311413848804,13055.116738325129,10.9711
276,-0.49814582,-0.46605766,-1,13060.311413848804,13104.75474888473,10.6326
277,-0.6089373,-0.3719082,-1,13060.311413848804,13169.976786015384,10.1878
278,-0.5395854,-0.022509694,-1,13060.311413848804,13498.972902515103,7.9442
279,0.9776051,0.24104452,-1,13060.311413848804,13490.315109975645,8.0033
280,-0.7139854,-0.04326552,0,13617.4291347076,13617.4291347076,7.1364
281,-0.5278151,-0.010516524,-1,13617.3291347076,13608.798718739483,7.1953
282,-0.7573798,-0.12668127,0,13257.854896279585,13257.854896279585,9.5885
283,-0.7453847,-0.14693266,-1,13257.754896279585,13246.415903591547,9.6665
284,0.9673717,0.21523106,-1,13257.754896279585,13182.91754453857,10.0995
285,0.49431157,-0.14623249,-1,13257.754896279585,13019.636049830953,11.213
286,0.6657419,0.036811233,-1,13257.754896279585,13043.069968052878,11.0532
287,0.58638513,0.41484356,-1,13257.754896279585,12995.446198763146,11.378
290,0.26225638,0.058789015,0,14173.274193798134,14173.274193798134,3.3458
291,-0.8706056,0.43193674,-1,14173.174193798133,14157.429512429258,3.4539
293,0.92811596,-0.9800381,1,15673.397901308386,15658.255475618314,0.0972
294,0.96408224,-0.40770006,0,14945.95672066242,14945.95672066242,4.6419
295,0.6260234,-0.9199873,1,14945.85672066242,14936.656173032656,4.7012
297,0.34199238,-0.5443689,1,14945.85672066242,14904.147571407495,4.9086
298,0.6093401,-0.90947473,1,14945.85672066242,14856.304723732752,5.2139
299,0.37577307,-0.51078564,1,14945.85672066242,14837.903628473237,5.3313
317,0.5030019,-0.5189521,1,14945.85672066242,14898.013872987662,4.9477
318,0.8491607,-0.4952898,1,14945.85672066242,14731.177275968037,6.0122
319,0.8731787,-0.11764532,1,14945.85672066242,14739.151083913835,5.9613
320,0.661865,-0.32537425,1,14945.85672066242,14685.787907661228,6.3018
321,0.8100898,-0.3438114,1,14945.85672066242,14736.697604545901,5.977
322,0.58253384,-0.42442775,1,14945.85672066242,14808.461876058009,5.5191
323,0.93867135,0.10192907,0,14477.930779754977,14477.930779754977,7.628
324,0.97589636,0.2593398,1,14477.830779754977,14448.00486917443,7.8189
325,-0.7865663,-0.38590527,1,14477.830779754977,14448.00486917443,7.8189
326,-0.75921905,-0.2026478,1,14477.830779754977,14269.049405691245,8.9607
327,0.97356415,0.19844389,1,14477.830779754977,15261.258031003477,2.6302
328,0.9930867,-0.10365462,1,14477.830779754977,15499.86531564771,1.1078
329,0.9582108,-0.40724456,1,14477.830779754977,15036.56950463019,4.0637
330,0.92089915,-0.444049,1,14477.830779754977,15557.528742770057,0.7399
331,0.9981816,0.037198544,1,14477.830779754977,15060.43023309459,3.9115
332,0.99350286,0.15516508,1,14477.830779754977,14732.34521670881,6.0047
333,-0.77345186,-0.2165013,1,14477.830779754977,15493.90013353161,1.1459
334,0.96451426,0.12912333,0,16073.836861127864,16073.836861127864,0.0
335,0.9817016,0.09386742,1,16073.736861127863,16047.462365182004,0.1641
336,0.3122605,-0.4494592,0,15284.651282868368,15284.651282868368,4.9098
337,0.7880658,-0.444376,1,15284.551282868368,15271.584729305052,4.991
346,0.4526478,-0.86342,1,15284.551282868368,15623.410549322803,2.8022
347,0.62274694,-0.9592776,1,15284.551282868368,15706.396492127955,2.286
348,0.71773744,-0.97213167,1,15284.551282868368,15827.41765871883,1.533
351,0.21217513,-0.119682014,0,16221.350016609607,16221.350016609607,0.0
352,0.20986664,-0.12684101,1,16221.250016609607,16213.345248175852,0.0493
353,0.20774949,-0.12607539,1,16221.250016609607,16182.78014356536,0.2378
359,0.9794915,-0.11689836,1,16050.834003002872,16020.007036380312,1.3111
360,0.92320704,0.04017639,1,16050.834003002872,15705.571976830382,3.2482
361,0.27771115,0.004331827,1,16050.834003002872,15791.88748337347,2.7164
362,0.88028526,0.0403049,0,15264.646354128026,15264.646354128026,5.9644
363,0.56739736,0.08410835,1,15264.546354128026,15249.993344076454,6.0547
364,-0.6083989,-0.16863245,1,15264.546354128026,15557.546956499473,4.1601
365,0.9785099,-0.07840544,1,15264.546354128026,15493.513712272608,4.5545
366,0.52839756,-0.67513186,1,15264.546354128026,15610.907993355222,3.8313
368,0.71376824,-0.7282149,1,15264.546354128026,15453.735484798328,4.7996
369,0.989625,-0.021990418,1,15264.546354128026,15611.878194025325,3.8254
370,0.9884651,0.10286796,1,15264.546354128026,15446.944080107605,4.8414
371,-0.5917138,-0.2199704,1,15264.546354128026,15747.706287839901,2.9886
372,-0.73597145,-0.22543609,1,15264.546354128026,15539.113143767509,4.2736
373,-0.6071608,-0.2190538,1,15264.546354128026,15400.374447942602,5.1283
374,-0.38296163,-0.14807683,1,15264.546354128026,15599.26558531396,3.9031
375,0.98682857,0.10365701,1,15264.546354128026,15844.726354850322,2.3909
376,0.9978484,-0.108032405,1,15264.546354128026,15798.156722685317,2.6778
377,0.97108483,-0.35313493,1,15264.546354128026,15931.074214489605,1.859
378,0.9789479,-0.36321354,0,16166.98197903443,16166.98197903443,0.4057
379,0.9794755,-0.43649387,1,16166.88197903443,16144.161398459517,0.5463
380,0.9604764,-0.42136824,1,16166.88197903443,15854.852672472452,2.3286
381,0.99362934,-0.5060203,1,16166.88197903443,16032.073200956678,1.2368
382,0.7614826,-0.023915708,1,16166.88197903443,16219.896667042514,0.0798
383,0.973552,0.12142515,1,16166.88197903443,16631.896528134024,0.0
384,0.9988589,0.045318842,1,16166.88197903443,16487.999517826323,0.8652
385,0.7465458,-0.9880856,1,16166.88197903443,16442.55835667653,1.1384
387,0.93230176,-0.98542625,1,16166.88197903443,16621.29359053238,0.0638
388,0.9916949,-0.9045274,1,16166.88197903443,16509.205393029544,0.7377
389,0.9884373,-0.8383339,1,16166.88197903443,16245.64665836071,2.3223
390,0.8622532,-0.9632293,1,16166.88197903443,16306.234873227122,1.9581
391,0.99612534,-0.48716176,1,16166.88197903443,15930.587941055452,4.2166
392,0.99073577,0.14306784,1,16166.88197903443,15994.20556666518,3.8341
394,-0.8526595,-0.48540318,-1,15374.923842619617,15345.692278532928,7.7334
395,-0.847906,-0.501852,0,16367.61634801454,16367.61634801454,1.589
396,0.920769,-0.28650624,1,16367.51634801454,16336.90835378788,1.7736
397,0.78595567,-0.22636831,1,16367.51634801454,16730.731212837305,0.0
398,0.92836475,-0.029929519,1,16367.51634801454,16947.027705372228,0.0
399,0.87948024,-0.08283126,0,15613.876680625326,15613.876680625326,7.8666
400,-0.861576,-0.5278189,-1,15613.776680625326,15589.168372567136,8.0124
401,-0.8810785,-0.5512414,-1,15613.776680625326,15379.177477137384,9.2515
402,-0.8472605,-0.60499257,0,14941.049593701866,14941.049593701866,11.8368
403,-0.69922864,-0.5536226,-1,14940.949593701866,14921.921717994084,11.9496
404,0.9819319,0.23087788,-1,14940.949593701866,15104.589324788672,10.8717
405,0.84779346,0.050112724,-1,14940.949593701866,15069.07062346748,11.0813
406,0.8865917,0.0011948347,-1,14940.949593701866,15122.34867544924,10.767
407,0.9625776,-0.3272468,-1,14940.949593701866,15208.608378657802,10.258
408,0.76513004,-0.026784718,-1,14940.949593701866,14963.783044551168,11.7026
409,-0.33648014,-0.47593462,0,14418.489101057627,14418.489101057627,14.9202
415,-0.23894644,-0.42243665,-1,14418.389101057626,14410.679150204778,14.9663
419,0.5691587,-0.0037773848,1,14245.926770574099,14229.226766295626,16.037
420,0.23948574,0.009365082,0,13840.414285756946,13840.414285756946,18.3313
421,0.20135033,0.019092679,1,13840.314285756946,13835.758609901504,18.3588
423,-0.26591098,-0.2825405,1,13840.314285756946,13797.490932715815,18.5846
424,-0.23868483,-0.26814258,1,13840.314285756946,13795.364950649946,18.5971
425,-0.398955,0.12870598,1,13840.314285756946,13861.270394691966,18.2083
426,0.8433986,0.14649594,1,13840.314285756946,13969.088056604025,17.572
427,-0.2291882,-0.36387014,1,13840.314285756946,14002.800057934273,17.3731
431,-0.24879599,-0.26824594,-1,13700.775685664159,13694.933114620135,19.1898
432,-0.3306635,0.22698712,-1,13700.775685664159,13729.988540884257,18.9829
434,0.3061242,-0.030082285,-1,13700.775685664159,13606.515539487273,19.7115
435,0.3491963,-0.049160838,0,13530.239541779994,13530.239541779994,20.1616
436,0.7046838,-0.025469959,1,13530.139541779994,13510.012345617219,20.2809
439,-0.2727064,0.13664412,1,13530.139541779994,13840.098362686529,18.3332
440,-0.24551022,-0.27228546,1,13530.139541779994,13574.419373338062,19.9009
444,0.75443053,0.07410014,1,13053.212524096269,13039.318129587049,23.0584
446,0.86712444,0.109458566,1,13053.212524096269,13158.809922366256,22.3533
447,0.48292816,0.05735278,1,13053.212524096269,13071.738383441887,22.8671
448,0.50042176,0.06648338,1,13053.212524096269,12970.772450008279,23.4628
449,0.49954784,0.06478584,1,13053.212524096269,13197.714226992051,22.1237
450,0.9015223,0.17505658,1,13053.212524096269,13380.19394154635,21.047
451,0.42970932,0.03197503,1,13053.212524096269,13454.2973789288,20.6097
452,0.47425675,-0.051816165,1,13053.212524096269,13790.541726051702,18.6256
453,0.95617795,0.16208386,0,14074.380507123919,14074.380507123919,16.9507
454,0.44156098,-0.07567257,1,14074.280507123918,14066.485223207828,16.9973
455,0.87652445,0.12777138,1,14074.280507123918,14011.398550200825,17.3224
456,0.9633193,0.16969872,1,14074.280507123918,14038.422201109921,17.1629
457,0.9718653,0.18780386,1,14074.280507123918,13937.083510200804,17.7609
458,0.9713273,0.20426142,1,14074.280507123918,14379.855636634471,15.1482
459,0.9536946,0.15838051,0,14672.136132372794,14672.136132372794,13.4235
461,-0.3128245,-0.3099048,-1,14672.036132372794,14666.497987529863,13.4568
462,-0.2231698,-0.41127568,0,15059.796369797641,15059.796369797641,11.1361
465,0.8554063,-0.5646594,1,15059.69636979764,15046.628688725017,11.2138
466,0.8844397,-0.33989382,1,15059.69636979764,14992.61560695822,11.5325
467,0.6748905,-0.327596,1,15059.69636979764,15290.558735413844,9.7744
468,0.33561337,-0.24570054,1,15059.69636979764,15224.349151312597,10.1651
469,-0.3420102,-0.35700965,1,15059.69636979764,15578.047719011369,8.078
470,-0.3017342,-0.39363992,1,15059.69636979764,15324.534706202632,9.5739
473,-0.57308334,0.10899651,1,15059.69636979764,15551.041178127969,8.2374
474,-0.6078793,0.13416505,1,15059.69636979764,15313.209382606377,9.6407
475,-0.7552151,0.15651417,1,15059.69636979764,15132.004205066103,10.71
476,-0.5961184,-0.32272208,1,15059.69636979764,14739.102594149483,13.0284
477,-0.6664295,-0.47385085,0,14415.484147023177,14415.484147023177,14.938
478,-0.5074777,-0.59653926,-1,14415.384147023176,14403.208978871267,15.0104
479,-0.61693394,-0.4597416,-1,14415.384147023176,14111.004943225613,16.7346
480,0.41104925,0.031652212,-1,14415.384147023176,14308.242667286428,15.5708
481,0.64317584,0.07504952,0,14049.507309545324,14049.507309545324,17.0975
482,0.48111534,0.008533955,1,14049.407309545324,14039.381309859104,17.1573
483,0.37779713,-0.0055675507,0,14728.134894757353,14728.134894757353,13.0931
484,0.27002585,0.07752347,1,14728.034894757353,14722.506928129213,13.1263
491,0.37517142,0.02860117,1,14728.034894757353,14890.557113624578,12.1347
492,0.51635647,-0.30980158,1,14728.034894757353,14881.712367019567,12.1869
493,0.9182694,-0.36350715,1,14728.034894757353,14854.441064987423,12.3478
494,0.933349,-0.41448182,1,14728.034894757353,14929.252880021544,11.9064
495,0.9534271,-0.5588931,1,14728.034894757353,15014.752097203394,11.4019
497,-0.2079165,-0.31981003,1,14728.034894757353,15066.714983507887,11.0952
500,0.20160174,0.029769182,1,14728.034894757353,14720.29574147796,13.1394
501,0.8066976,-0.3591627,0,14529.086038048077,14529.086038048077,14.2676
502,0.57613456,-0.02994585,1,14528.986038048077,14517.039260748434,14.3387
503,0.28440654,-0.008588672,1,14528.986038048077,14609.427671865624,13.7936
504,0.4184394,0.014878154,0,14110.350606650829,14110.350606650829,16.7385
506,0.24832511,-0.009875596,1,14110.250606650829,14106.3798522298,16.7619
507,0.20899343,0.06791234,1,14110.250606650829,14080.832873051035,16.9127
511,0.25328708,0.018955112,1,13934.85288868966,13930.927019347662,17.7972
513,0.27743983,0.029990792,1,13934.85288868966,14002.639565994781,17.3741
524,0.21461749,-0.024949908,1,13934.85288868966,14124.341515596641,16.6559
525,0.42304027,-0.029693186,0,13758.275714459,13758.275714459,18.816
526,0.39316082,0.0058430433,1,13758.175714459,13749.461882440164,18.868
527,0.41059387,0.019159317,0,13487.614966369816,13487.614966369816,20.4131
528,0.6150005,0.045534015,1,13487.514966369816,13474.75359750159,20.489
529,0.4335407,0.0008251667,1,13487.514966369816,13677.233983543965,19.2942
530,0.39465344,-0.00883317,1,13487.514966369816,13718.070363922265,19.0532
531,0.47288406,-0.041952968,1,13487.514966369816,13419.454332405972,20.8153
532,0.41699314,-0.0124874115,1,13487.514966369816,13297.795949195646,21.5332
533,0.565449,0.021805286,1,13487.514966369816,13268.01942183646,21.7089
534,0.45609355,0.01988089,1,13487.514966369816,13325.870960705719,21.3675
535,0.47415876,-0.006230712,1,13487.514966369816,13262.06411636463,21.744
536,0.41925383,0.009582162,0,13072.670478152744,13072.670478152744,22.8616
537,0.80991435,0.053358316,1,13072.570478152744,13057.179185627847,22.953
539,0.7622112,0.0489645,1,13072.570478152744,12900.18800187399,23.8793
540,0.77617645,0.059803963,1,13072.570478152744,12806.814160556327,24.4303
541,0.93833303,0.17624533,1,13072.570478152744,12675.475131010618,25.2053
542,0.47029698,-0.018308818,0,12543.083307165758,12543.083307165758,25.9865
543,0.46757936,-0.03981781,1,12542.983307165758,12529.098005539234,26.0691
544,0.4724002,-0.05631274,1,12542.983307165758,12621.666683049341,25.5228
545,0.80683243,0.09088528,1,12542.983307165758,12916.035077531493,23.7858
546,0.7135893,0.04958582,0,13117.69565199628,13117.69565199628,22.5959
547,0.29595244,0.0066640377,1,13117.59565199628,13111.083951153423,22.6349
552,0.33622003,-0.08566773,1,12923.28495068076,12917.359043594703,23.778
553,0.36772752,-0.12134141,1,12923.28495068076,12856.124670372152,24.1394
554,0.57714224,-0.12717491,1,12923.28495068076,12862.840698403006,24.0997
555,0.8961394,0.07637584,1,12923.28495068076,12975.432933038028,23.4353
556,0.7782024,-0.035210192,1,12923.28495068076,12970.69220736918,23.4633
569,0.4659692,0.047225833,1,13338.983287037418,13330.552358042372,21.3399
570,-0.32538688,-0.58221394,0,13028.10318536787,13028.10318536787,23.1246
572,0.80770314,0.11197674,1,13028.00318536787,13015.072838020851,23.2014
576,0.40643585,-0.09807557,1,12501.66119450969,12496.072233584908,26.2639
577,0.22503269,-0.14144272,1,12501.66119450969,12631.697685359537,25.4636
578,0.25267053,0.11834705,1,12501.66119450969,12641.385217629153,25.4065
579,0.30798268,0.3153894,1,12501.66119450969,12700.628203431801,25.0569
580,0.2916987,0.30296397,1,12501.66119450969,12443.16340349701,26.5761
581,0.34702933,0.28821015,1,12501.66119450969,12605.243270315585,25.6197
582,0.22065485,0.10794258,1,12501.66119450969,12529.233401738598,26.0683
583,0.31478763,0.24372458,1,12501.66119450969,12594.810543255999,25.6813
584,0.2832377,0.2013905,1,12501.66119450969,12618.284179140064,25.5428
585,0.2938373,0.2550634,1,12501.66119450969,12714.41430704626,24.9756
586,0.28597045,0.3085935,1,12501.66119450969,12666.349243093158,25.2592
587,0.21234894,0.11209369,1,12501.66119450969,12680.135346707615,25.1778
590,0.9436357,0.109740615,1,12247.402999329044,12235.885307466131,27.7992
591,0.9518174,0.14114475,1,12247.402999329044,12347.222995474207,27.1423
592,0.95355034,0.1253581,1,12247.402999329044,12453.185760612949,26.517
593,0.49472427,-0.009724081,1,12247.402999329044,12463.167760227476,26.4581
596,0.29999316,-0.05729693,1,12247.402999329044,12113.79777371932,28.5196
597,0.81782615,0.036926866,1,12247.402999329044,12261.992075688711,27.6452
598,0.5097606,-0.06762248,1,12247.402999329044,12243.563768708062,27.7539
599,0.9437394,0.10810888,1,12247.402999329044,12868.590513801757,24.0658
600,0.9576099,0.15258622,1,12247.402999329044,12602.915754830727,25.6335
602,0.632388,0.054020762,1,12247.402999329044,12777.2168250227,24.605
610,0.5884408,-0.045560658,1,11669.343944721546,11662.82956499507,31.1807
611,0.67483914,0.071715474,1,11669.343944721546,11674.55544850273,31.1115
612,0.7038193,0.1200012,1,11669.343944721546,11617.228906909768,31.4498
613,0.29747176,-0.27181882,1,11669.343944721546,11624.177578618008,31.4088
614,0.43868184,-0.5296868,1,11669.343944721546,11358.825177759707,32.9745
615,0.48689938,-0.50291157,0,11325.905112280627,11325.905112280627,33.1688
616,0.48872888,-0.50156397,1,11325.805112280626,11321.309743901764,33.1959
617,0.44464338,-0.53194964,1,11325.805112280626,11386.043048557358,32.8139
618,0.4585148,-0.12103951,1,11325.805112280626,11435.49210072482,32.5221
619,0.7092874,0.08752096,0,11740.41953118253,11740.41953118253,30.7228
620,0.592504,-0.0062784553,1,11740.31953118253,11735.092265661386,30.7543
621,0.8352411,0.12219608,1,11740.31953118253,11546.562222532226,31.8667
622,0.92596984,0.38527584,0,11392.407240102026,11392.407240102026,32.7764
623,0.63161135,0.071684,1,11392.307240102025,11384.954814674818,32.8203
624,0.64025795,-0.015605211,1,11392.307240102025,11421.226780115681,32.6063
625,0.7478082,0.082065344,1,11392.307240102025,11397.699018748635,32.7451
627,0.3709936,0.18234003,1,11392.307240102025,11316.332177354267,33.2253
628,0.57513094,0.4331653,1,11392.307240102025,11299.176518024135,33.3265
629,0.5830238,0.50117445,1,11392.307240102025,11275.158594961942,33.4682
630,0.5400622,0.48507786,0,11032.428555864297,11032.428555864297,34.9005
631,0.52978826,0.4484117,1,11032.328555864297,11026.747857824204,34.934
632,0.52996516,0.4483546,1,11032.328555864297,11140.966144378015,34.2601
633,0.5411396,0.4709828,1,11032.328555864297,11153.987773138218,34.1832
634,0.54196334,0.4725361,1,11032.328555864297,11077.346186721004,34.6355
635,0.5851234,0.48804522,0,10739.986001831658,10739.986001831658,36.6261
636,0.5126829,0.47235954,1,10739.886001831657,10734.315602280636,36.6596
637,0.5167285,-0.113850296,1,10739.886001831657,11203.343244476317,33.892
638,0.22872055,-0.3919236,1,10739.886001831657,11290.984197412332,33.3748
639,0.4372573,-0.03123945,1,10739.886001831657,11339.260993521151,33.09
643,0.20956755,-0.5543185,1,11420.352212085583,11418.518824793222,32.6223
645,0.22935224,-0.11231941,1,11420.352212085583,11422.185599377943,32.6007
648,0.20339835,-0.07253802,1,11420.352212085583,11465.453539477649,32.3453
650,0.23520076,-0.04539603,1,11420.352212085583,11445.408505081174,32.4636
651,0.4892447,0.038954735,0,11300.584404388512,11300.584404388512,33.3182
652,0.69110084,0.15292788,1,11300.484404388511,11294.420413045427,33.3546
653,0.613508,0.0015915632,1,11300.484404388511,11046.605300158179,34.8169
654,0.63836455,0.056387424,1,11300.484404388511,11246.717014479853,33.636
655,0.5353365,-0.108094156,1,11300.484404388511,11135.139573767163,34.2944
656,0.8046565,0.01371789,1,11300.484404388511,11145.24622600563,34.2348
657,0.7533541,-0.02283585,0,12141.085874484741,12141.085874484741,28.3586
658,0.59394693,0.02916038,1,12140.98587448474,12136.438022503311,28.386
659,0.3770802,0.019313574,1,12140.98587448474,12360.495530121565,27.0639
662,0.40336657,-0.123749375,1,12140.98587448474,12249.22475164268,27.7205
663,0.93973494,0.29388154,1,12140.98587448474,12278.3310043238,27.5488
664,0.9521189,0.42225325,1,12140.98587448474,12147.95924752292,28.3181
665,0.9724765,0.39133763,0,11780.327838109684,11780.327838109684,30.4874
666,0.95149267,0.48272622,1,11780.227838109684,11771.610661119703,30.5388
667,0.83253825,0.30829167,0,11219.683060352087,11219.683060352087,33.7956
668,0.90813756,0.44906318,1,11219.583060352086,11211.621114696776,33.8431
669,0.7760687,0.103233695,1,11219.583060352086,11100.153875522486,34.5009
670,0.7430248,0.028283596,1,11219.583060352086,11294.425349511954,33.3545
671,0.5813358,-0.09379232,1,11219.583060352086,11322.026761117013,33.1917
672,0.6159494,-0.07445663,1,11219.583060352086,11189.858463238936,33.9716
673,0.61543703,-0.09002209,1,11219.583060352086,11074.675649425519,34.6512
674,0.49610794,-0.09583652,1,11219.583060352086,11115.546970456087,34.4101
675,0.23279619,-0.36717606,1,11219.583060352086,11016.81884433029,34.9926
676,0.26938117,-0.29311627,1,11219.583060352086,11060.344147245958,34.7358
677,0.27376962,-0.28805864,1,11219.583060352086,11010.98008418307,35.0271
678,0.2949326,-0.26453257,1,11219.583060352086,11067.244500147228,34.6951
679,0.25287557,-0.42097855,1,11219.583060352086,11155.356698732618,34.1751
680,0.23136032,-0.41508168,1,11219.583060352086,11220.644653106126,33.7899
681,0.21932542,-0.3903293,1,11219.583060352086,11254.615621235424,33.5894
682,0.2483511,-0.30903828,1,11219.583060352086,11091.661133490168,34.551
683,0.51133275,-0.09279466,1,11219.583060352086,11145.802363946246,34.2315
684,0.39844215,-0.5259073,1,11219.583060352086,11457.37983725721,32.393
685,0.31723452,-0.5144243,1,11219.583060352086,11458.972226388269,32.3836
686,0.6428622,-0.026901007,1,11219.583060352086,11211.090318319755,33.8463
687,0.7821629,0.008453727,1,11219.583060352086,11223.829431368245,33.7711
688,0.5910008,-0.07550895,0,10710.032280493297,10710.032280493297,36.8029
689,0.29957223,-0.29344058,1,10709.932280493296,10705.329398051144,36.8306
690,0.3646016,-0.2120437,1,10709.932280493296,10731.719257386141,36.6749
691,0.4706776,-0.15000606,1,10709.932280493296,10775.906928830782,36.4142
692,0.71697414,-0.07768303,1,10709.932280493296,10593.019066462688,37.4934
693,0.5205896,-0.12317604,0,10983.600952854693,10983.600952854693,35.1886
694,0.36937022,-0.5166356,1,10983.500952854693,10979.658389369675,35.2119
695,0.62902474,-0.07491583,1,10983.500952854693,10891.791771012315,35.7304
696,0.8695469,0.014336944,0,10780.55019668858,10780.55019668858,36.3868
697,0.7605201,-0.001745224,1,10780.45019668858,10773.73509031101,36.427
698,0.44789433,-0.51299417,1,10780.45019668858,10816.711771127442,36.1734
699,0.4814031,-0.4938153,1,10780.45019668858,11460.914309615417,32.3721
700,0.36939073,-0.54306954,1,10780.45019668858,11355.710976366861,32.9929
703,0.37686014,0.5350082,1,10780.45019668858,11349.443543747795,33.0299
704,0.53114855,0.51215434,1,10780.45019668858,10994.885927012236,35.122
705,0.5257559,0.44539762,1,10780.45019668858,10979.665019223075,35.2119
706,0.33308744,0.36254287,1,10780.45019668858,11150.676394971802,34.2028
707,0.78281593,0.23062992,1,10780.45019668858,11321.240096962016,33.1963
708,0.5396104,0.09249258,1,10780.45019668858,11306.46686293136,33.2835
709,0.23588419,0.14020813,1,10780.45019668858,11139.036877250686,34.2714
711,0.6840792,0.11026323,1,10780.45019668858,11125.606664495543,34.3507
712,0.65019786,-0.04228878,1,10780.45019668858,11124.711316978535,34.356
713,0.8074658,0.015710235,1,10780.45019668858,11297.065714002774,33.339
714,0.63144326,0.0064285994,0,10370.4089406866,10370.4089406866,38.8069
716,0.67179346,-0.044932127,1,10370.3089406866,10363.9518436515,38.845
717,0.7966912,0.14350057,0,10021.870295054016,10021.870295054016,40.8636
718,0.91516304,0.42941535,1,10021.770295054015,10013.2366419289,40.9145
719,0.9452871,0.48163486,0,9563.088030687908,9563.088030687908,43.5707
720,0.9465492,0.49064136,1,9562.988030687908,9555.505327364031,43.6154
721,0.9589894,0.5183556,1,9562.988030687908,10042.878737192237,40.7396
722,0.9084537,0.43899214,1,9562.988030687908,9940.61512509932,41.343
723,0.93858624,0.35263574,1,9562.988030687908,9949.095522199701,41.293
724,0.8974316,0.44121122,1,9562.988030687908,9963.063235070927,41.2106
725,0.9423113,0.49452174,1,9562.988030687908,9937.622043769763,41.3607
726,0.92986274,0.46122098,1,9562.988030687908,10133.668870855217,40.2039
727,0.9036504,0.39128458,1,9562.988030687908,10187.045487898835,39.8889
728,0.8275142,0.1436243,1,9562.988030687908,10158.112368379867,40.0596
729,0.4706459,-0.18954861,1,9562.988030687908,10230.4451671773,39.6328
730,0.37445283,-0.37625122,1,9562.988030687908,10074.804938040752,40.5512
731,0.51208913,-0.4515741,1,9562.988030687908,10168.58815303329,39.9978
732,0.47328472,-0.48411965,1,9562.988030687908,10255.387511590206,39.4856
733,0.47758436,-0.4914856,1,9562.988030687908,10194.528191222711,39.8447
734,0.48648977,-0.48646247,1,9562.988030687908,10177.068550133681,39.9478
735,0.49034667,-0.485116,1,9562.988030687908,10456.422807558238,38.2994
736,0.48464894,-0.49315685,1,9562.988030687908,10298.78719086866,39.2295
737,0.47833872,-0.49442142,0,10690.143977826587,10690.143977826587,36.9202
738,0.49449587,-0.4907183,1,10690.043977826586,10683.048963794707,36.9621
739,0.4837767,-0.49506843,1,10690.043977826586,10559.936716833701,37.6886
740,0.3958447,-0.5057674,0,10425.63237619358,10425.63237619358,38.4811
741,0.47631598,-0.4644149,1,10425.53237619358,10418.838935866435,38.5211
742,0.43819797,-0.50140953,1,10425.53237619358,10434.456963296425,38.429
743,0.43181062,-0.5035244,1,10425.53237619358,10655.340494092063,37.1256
744,0.49416518,-0.49220574,1,10425.53237619358,10341.641257426749,38.9767
745,0.3816421,-0.22053236,1,10425.53237619358,10450.521220081568,38.3342
746,0.32106042,-0.3529539,1,10425.53237619358,10460.784495249842,38.2736
747,0.44590378,-0.1453473,1,10425.53237619358,10399.651073595296,38.6344
748,0.5298507,-0.16385454,1,10425.53237619358,10325.130771286464,39.0741
749,0.6880362,-0.04321462,1,10425.53237619358,10330.485523548181,39.0425
750,0.81709874,0.035648584,1,10425.53237619358,10250.61046897764,39.5138
751,0.8365259,0.1928277,0,10177.137613582037,10177.137613582037,39.9474
752,0.6787069,-0.018432736,1,10177.037613582037,10163.917754628075,40.0254
753,0.7316531,0.031490088,1,10177.037613582037,10078.20134279559,40.5312
754,0.7582972,0.20298767,1,10177.037613582037,10164.79241189167,40.0202
755,0.71388865,0.16252065,1,10177.037613582037,10168.291040946075,39.9996
756,0.8270538,0.044486165,0,10861.300933860808,10861.300933860808,35.9103
757,0.45299268,-0.009112656,1,10861.200933860808,10854.093911873086,35.9528
759,0.6097276,0.4415717,1,10861.200933860808,10961.173043154695,35.321
760,0.573117,0.4556992,1,10861.200933860808,10888.681418879978,35.7487
761,0.53504586,0.42928076,1,10861.200933860808,10965.437256347323,35.2958
762,0.5533891,0.44763374,1,10861.200933860808,11040.297887951276,34.8541
763,0.5471411,0.45711827,1,10861.200933860808,11004.28897654684,35.0666
764,0.53541875,0.44724846,1,10861.200933860808,11030.821858634328,34.91
765,0.54578495,0.45625114,1,10861.200933860808,10985.336917912933,35.1784
766,0.5589256,0.4543661,1,10861.200933860808,11018.976821988132,34.9799
767,0.5574937,0.4593662,1,10861.200933860808,11153.536438288911,34.1859
768,0.54252005,0.47249544,1,10861.200933860808,11099.049269716406,34.5074
769,0.60019016,0.49146485,1,10861.200933860808,11011.86980000041,35.0218
770,0.5921221,0.4656235,1,10861.200933860808,11081.518615480041,34.6108
771,0.563416,0.47895157,1,10861.200933860808,11049.300115802387,34.801
772,0.5979204,0.49107718,1,10861.200933860808,11059.249946585192,34.7422
773,0.5965545,0.48169446,1,10861.200933860808,10997.655756024977,35.1057
774,0.57557034,0.42903686,1,10861.200933860808,10856.93672066817,35.936
776,0.62087464,-0.094881296,1,10861.200933860808,10915.688102433302,35.5894
777,0.9101932,0.046922684,0,10615.096444200242,10615.096444200242,37.3631
778,0.8785913,0.003914833,1,10614.996444200242,10592.572244650763,37.496
779,0.3696339,-0.46698385,0,10148.579875473979,10148.579875473979,40.1159
780,0.36131966,-0.40713894,1,10148.479875473979,10140.581976984238,40.1631
781,0.24961567,-0.34402406,1,10148.479875473979,10186.91631479068,39.8897
785,0.5463433,0.35855865,1,10148.479875473979,10178.491889734958,39.9394
786,0.69813585,0.42859888,1,10148.479875473979,10116.88828151503,40.3029
787,0.70855534,0.44077766,1,10148.479875473979,10272.21361847983,39.3863
788,0.6205566,0.3832159,1,10148.479875473979,10324.339748512084,39.0788
789,0.52511954,0.35795343,0,10440.421507803781,10440.421507803781,38.3938
790,0.36094117,0.33290327,1,10440.321507803781,10433.8082619271,38.4328
792,0.23056936,-0.002067864,1,10440.321507803781,10385.176026047917,38.7198
793,0.4113996,-0.062998295,1,10440.321507803781,10353.04401305631,38.9094
794,0.6821871,0.011579037,1,10440.321507803781,10494.598556776089,38.0741
795,0.5345943,-0.10206264,1,10440.321507803781,10639.626831630096,37.2183
796,0.21469963,-0.42800117,1,10440.321507803781,10590.126162967355,37.5104
797,0.31403804,-0.45953417,1,10440.321507803781,10589.691946575567,37.513
798,0.3891058,-0.48926735,0,10879.784571657381,10879.784571657381,35.8012
799,0.46884036,-0.526565,1,10879.68457165738,10874.203120190392,35.8342
800,0.42713022,-0.5183468,1,10879.68457165738,10888.45489400455,35.7501
801,0.2783301,-0.41729617,1,10879.68457165738,11025.125750581383,34.9436
802,0.4986931,-0.1273008,1,10879.68457165738,11144.986822659459,34.2363
803,0.76214457,0.11953926,1,10879.68457165738,11107.71295268396,34.4563
804,0.82648134,0.45805907,1,10879.68457165738,11011.604836962822,35.0234
805,0.88109803,0.5047493,1,10879.68457165738,10996.62220295306,35.1118
806,0.7744721,0.33191395,1,10879.68457165738,11005.757955398036,35.0579
807,0.71799636,0.26320577,1,10879.68457165738,10932.306505740433,35.4913
808,0.811537,0.3788576,1,10879.68457165738,11062.399620556882,34.7237
809,0.61411285,0.023451328,1,10879.68457165738,10953.501451412774,35.3662
810,0.8376204,0.30073905,1,10879.68457165738,10998.449353442054,35.101
811,0.63602054,0.02658546,1,10879.68457165738,10923.901613491054,35.5409
812,0.65582263,0.13509095,1,10879.68457165738,10883.704302733166,35.7781
813,0.6811483,-0.05199933,1,10879.68457165738,10874.203120190392,35.8342
814,0.60811687,-0.11789417,1,10879.68457165738,10870.183389114598,35.8579
815,0.4473753,-0.13948709,1,10879.68457165738,10832.544089041301,36.08
816,0.5224297,-0.09981203,1,10879.68457165738,10892.840055178141,35.7242
817,0.30600488,-0.44750786,1,10879.68457165738,10792.346778283412,36.3172
818,0.4532385,-0.5012139,1,10879.68457165738,10832.544089041301,36.08
819,0.48626494,-0.5010543,1,10879.68457165738,10838.390970606088,36.0455
820,0.47801805,-0.50491464,1,10879.68457165738,10838.390970606088,36.0455
821,0.48315775,-0.5027376,0,10624.54046554351,10624.54046554351,37.3074
822,0.45732749,-0.504283,1,10624.44046554351,10613.661173149989,37.3715
823,0.4656117,-0.50016826,0,10381.39574697922,10381.39574697922,38.7421
824,0.51106286,-0.46300352,1,10381.29574697922,10371.346071864667,38.8014
825,0.5072725,-0.4715159,1,10381.29574697922,10528.550938674487,37.8738
826,0.5743967,-0.0972445,0,10115.918456663292,10115.918456663292,40.3086
827,0.4072187,-0.02120763,1,10115.818456663292,10108.959337308776,40.3497
828,0.20136714,-0.030186772,1,10115.818456663292,10090.668352363406,40.4576
833,0.5435016,0.41447616,0,9909.74890118922,9909.74890118922,41.5252
834,0.716486,0.45371997,1,9909.648901189219,9899.899710746875,41.5833
835,0.6628449,0.37824297,1,9909.648901189219,10021.439618261356,40.8661
836,0.5710727,0.32831264,1,9909.648901189219,10051.337135617865,40.6897
837,0.560779,0.3261695,1,9909.648901189219,9953.845231194477,41.2649
838,0.57778466,0.32269287,1,9909.648901189219,9755.611692200258,42.4347
839,0.5936047,0.30691302,0,9554.53909493891,9554.53909493891,43.6212
840,0.6973696,0.37738276,1,9554.439094938909,9543.723522697552,43.685
841,0.63019276,0.30964005,1,9554.439094938909,9432.281571387517,44.3426
842,0.68646216,0.34552515,0,9221.186851301889,9221.186851301889,45.5882
843,0.6431415,0.27614152,1,9221.086851301889,9211.387389590134,45.646
844,0.66560507,0.29376912,1,9221.086851301889,9208.154235686221,45.6651
845,0.69286716,0.3310907,1,9221.086851301889,9307.735375926837,45.0775
846,0.6755605,0.44242024,1,9221.086851301889,9134.438326676925,46.1001
847,0.5120255,0.40113974,1,9221.086851301889,8934.629415414913,47.2791
